sector_id,name
1,Public Transport
2,Media
3,Built Environment
4,Engineering Services
5,Sea Transport
6,Energy and Power
7,Security
8,Air Transport
9,Tourism
10,Financial Services
11,Infocomm Technology
12,Accountancy
13,Training and Adult Education
14,Agrifood
15,Food Manufacturing
16,Retail
17,Legal Services
18,Aerospace
19,Marine and Offshore
20,Precision Engineering
21,Social Service
22,Design
23,Landscape
24,Healthcare
25,Food Services
26,BioPharmaceuticals Manufacturing
27,Energy and Chemicals
28,Workplace Safety and Health
29,Hotel and Accommodation Services
30,Carbon Services and Trading
31,Electronics
32,Logistics
33,Environmental Services
34,Human Resource
35,Trade Associations and Chambers
36,Wholesale Trade
37,Intellectual Property
38,Arts
39,Early Childhood
