tsc_id,title
1,22KV Switchgear Systems Maintenance
2,2D Animation
3,360 Degree Camera Operations
4,3D Animation
5,3D Modelling
6,Access Control Management
7,Accident and Incident Response Management
8,Account Management
9,Accounting and Tax Systems
10,Accounting Standards
11,Accounting Systems
12,Accreditation Structure Management
13,Active and Smart Packaging
14,Adapt to Change
15,Adaptability
16,Additive Manufacturing
17,Advanced Processing Technology
18,Advocacy and Representation
19,Aerial Camera Operations
20,Aerodynamics Principles Application
21,Aerospace Heat Treatment Process
22,Aerospace Maintenance Practices Application
23,Aerospace Materials and Hardware Selection
24,Aesthetic and Design Sensibility
25,Affiliate Marketing
26,After-sales Service
27,Agile Coaching
28,Agile Software Development
29,Agriculture Techniques and Cultivation Programme Management
30,Air Cargo Operations Management
31,Air Conditioning and Mechanical Ventilation System Design
32,Air Conditioning and Mechanical Ventilation Systems Maintenance
33,Aircraft Batteries Maintenance
34,Aircraft Cabin Equipment and Furnishing Maintenance
35,Aircraft Communication Components Maintenance
36,Aircraft Communication Systems Maintenance
37,Aircraft Cruise Operations
38,Aircraft Dispatch
39,Aircraft Electrical Equipment and Accessories Maintenance
40,Aircraft Electrical Systems Maintenance
41,Aircraft Emergency Management
42,Aircraft Fuel and Engine Systems Maintenance
43,Aircraft Hydraulic Components Maintenance
44,Aircraft Instrument Systems Maintenance
45,Aircraft Instruments Maintenance
46,Aircraft Landing Gears Maintenance
47,Aircraft Landing Operations
48,Aircraft Load Planning
49,Aircraft Manual Handling
50,Aircraft Movement Management
51,Aircraft Navigation and Automated Flight Systems Maintenance
52,Aircraft Navigation and Radar Equipment Maintenance
53,Aircraft Performance Management
54,Aircraft Pneumatic Components Maintenance
55,Aircraft Sensing Components Maintenance
56,Aircraft Take-Off Operations
57,Aircraft Turnaround Coordination
58,Aircraft Weight and Balance Calculation
59,Aircraft Wheels and Brakes Maintenance
60,Airfield Civil Infrastructure Maintenance and Design
61,Airfield Specialised Systems Maintenance and Design
62,Airframe Systems Maintenance
63,Airline Crew Scheduling
64,Airline Distribution Channel Strategies
65,Airline Marketing
66,Airline Operations Management
67,Airline Representation and Station Management
68,Airline Revenue Management
69,Airport and Airline Economics
70,Airport Audit and Compliance
71,Airport Collaborative Decision Making Model Application
72,Airport Infrastructure and Facilities Maintenance and Design
73,Airport Operations Management
74,Airport Safeguarding and Security
75,Airport Service Quality Management
76,Airside Driving
77,Airside Operations Management
78,Airside Safety
79,Airway Assessment and Management
80,Alarm System Management
81,Alcoholic Beverage Preparation
82,Ambulance Readiness and Maintenance
83,Ambulatory Care Service Support
84,Analysis of Research Data
85,Analytical Method Validation
86,Analytics and Computational Modelling
87,Animal Conditioning and Enrichment
88,Animal Habitat Management
89,Animal Husbandry and Nutrition
90,Animal Transaction
91,Application Development
92,Application Support and Enhancement
93,Applications Development
94,Applications Integration
95,Applications Support and Enhancement
96,Applied Research and Development Management
97,Architecture Design
98,Arrestation
99,Artificial Intelligence Application
100,Artificial Intelligence Application in Product Development
101,Artificial Intelligence Ethics and Governance
102,Asbestos Removal
103,Asbestos Risk Management
104,Asian Cold Dish and Dessert Preparation
105,Asian Cuisine Preparation and Cooking
106,Asset and Inventory Management
107,Asset and Liability Management
108,Asset Integrity Management
109,Asset Management
110,Asset Management and Monitoring of Distributed Generation Systems
111,Assistive Devices Prescription in Occupational Therapy
112,Attractions Content and Experience Development and Delivery
113,Attractions Guest Relations Management
114,"Attractions Membership, Admission and Ticketing Management"
115,Attractions Programme Development
116,Attractions Ride and Equipment Maintenance
117,Attractions Transportation Operations
118,Attribution Analysis
119,Audio Programming
120,Audit and Compliance
121,Audit and Review Management
122,Audit Compliance
123,Audit Frameworks
124,Audit Management
125,Auditing and Assurance Standards
126,Auditor Independence
127,Augmented Reality Application
128,Automated Distribution Management
129,Automated Equipment and Control Systems Configuration
130,Automated Food Manufacturing System Maintenance
131,Automated Operation Monitoring
132,Automated Process Control
133,Automated Process Design
134,Automated System Design
135,Automatic Fare Collection Auxiliary Systems Maintenance
136,Automatic Fare Collection Gate Maintenance
137,Automatic Fare Collection Sales Device Maintenance
138,Automation Design
139,Automation Management in Product Development
140,Automation of Landscape Operations
141,Automation Process Control
142,Automation Research and Implementation
143,Automation System Maintenance
144,Automation Systems Maintenance
145,Autonomous Logistics Design and Application
146,Autonomous Systems Technology Application
147,Aviation Legislation Compliance
148,Baggage Handling Operations
149,Baggage Loading and Unloading Administration
150,Baggage Lost and Found Operations
151,Baggage Security Screening Operations
152,Baggage Services Management
153,Ballast System Design
154,Battery and Battery Charger Maintenance
155,Battery and Energy Storage System Testing and Diagnostics
156,Battery Systems Design Management
157,Behavioural Analysis and Predictive Screening
158,Behavioural Economics
159,Behavioural Economics in Design
160,Behavioural Finance
161,Behavioural Safety Management
162,Bell Service Delivery
163,Benchmarking
164,Benefits Management
165,Big Data Analysis
166,Big Data Analytics
167,Billing and Data Risk Management
168,Billing and Settlement Administration
169,Billing Enquiry Management
170,Billing Procedure
171,Billing Process Improvement Management
172,Biological Hazards Management
173,Biological Product Introduction
174,Biophilic Design
175,Biophilic Design in Built Environment
176,Bioreactor Operation and Control
177,Biorisk Management
178,Block Trading
179,Blog and Vlog Deployment
180,Board Membership
181,Book Building
182,Brand Campaign Management
183,Brand Guideline Development
184,Brand Management
185,Brand Portfolio Management
186,Bread Preparation
187,Breathing Assessment and Management
188,Broadcast Infrastructure Design
189,Broadcast Infrastructure Installation
190,Broadcast Infrastructure Maintenance
191,Budget Management
192,Budgeting
193,Building Inclusivity
194,Building Information Modelling Application
195,Building Management System Implementation and Control
196,Bulk Cargo Administration
197,Bulk Cargo Operations
198,Bus Air-Conditioning Systems Maintenance
199,Bus Body Work Maintenance
200,Bus Brake Systems Maintenance
201,Bus Depot Operations
202,Bus Drivetrain Systems Maintenance
203,Bus Electrical and Electronic Systems Maintenance
204,Bus Engine System Maintenance
205,Bus Equipment and Systems Operation
206,Bus Fare Management
207,Bus Garaging
208,Bus Interchange Operations
209,Bus Operations Control Management
210,Bus Recovery and Towing
211,Bus Regulatory Compliance
212,Bus Service Route Operations Training and Development
213,Bus Steering and Suspension Systems Maintenance
214,Bus Vehicle Operations
215,Business Acumen
216,Business Agility
217,Business Change Assessment
218,Business Continuity
219,Business Continuity Management
220,Business Continuity Planning
221,Business Data Analysis
222,Business Development
223,Business Development for Law Firms
224,Business Environment Analysis
225,Business Ethics and Values Management
226,Business Excellence
227,Business Innovation
228,Business Innovation and Improvement
229,Business Insights
230,Business Intelligence and Data Analytics
231,Business Model Innovation
232,Business Needs Analysis
233,Business Negotiation
234,Business Networking
235,Business Networking Management
236,Business Operational Planning
237,Business Opportunities Development
238,Business Performance Management
239,Business Planning
240,Business Planning Management
241,Business Presentation Delivery
242,Business Process Analysis
243,Business Process Management
244,Business Process Re-engineering
245,Business Proposal Writing
246,Business Relationship Building
247,Business Requirements Mapping
248,Business Risk Assessment
249,Business Risk Management
250,Business Stakeholder Management
251,Business-to-Business Customer Relationship Management
252,Business-to-Customer Management
253,Butler Service Delivery
254,Cabin Crew Performance Management
255,Cabin Hygiene and Cleanliness
256,Cabin Loading Activities
257,Cabin Preparation
258,Cabin Safety Management
259,Cable Damage Prevention Management
260,Call Centre Management
261,Camera Operations
262,Canine Handling
263,Capability Development
264,Capital Expenditure and Investment Evaluation
265,Capital Management
266,Capital Raising
267,Carbon Credit Project Development
268,Carbon Footprint Management
269,Carbon Markets and Decarbonisation Strategies Management
270,Carbon Pricing Policy Advisory
271,Carbon Reporting
272,Carbon Trading
273,Care Assistance
274,Care Transition in Nursing
275,Career Coaching
276,Career Framework Design
277,Cargo and Receipt Inspection
278,Cargo Handling and Stowage
279,Cargo Issuance and Dispatch
280,Cargo Lifting
281,Cargo Load Planning
282,Cargo Loading and Unloading
283,Cargo Loading and Unloading Administration
284,Cargo Receipt and Inspection
285,Cargo Security Control
286,Cargo System Design
287,Cargo Tracking System Administration
288,Cargo Tracking Systems Administration
289,Cargo Transit and Transhipment Management
290,Cargo Warehousing Operations
291,Case and Care Planning
292,Case History Taking in Physiotherapy
293,Casework Evaluation
294,Casework Intervention
295,Cash Flow Management
296,Cash Flow Reporting
297,Category Management
298,Category Marketing
299,Cell Culture
300,Centre Innovation and Change Adoption
301,Chainsaw Operations
302,Change Management
303,Channel Management
304,Chartering
305,Chartwork
306,Chemical Processing
307,Chemical Reagent Management
308,Chemical Risk Management
309,Child Development Assessment
310,Child Functional Needs Assessment
311,Child Observation
312,Child Safety and Protection
313,Child Screening and Assessment
314,Chinese Dry-Heat Dish Preparation and Cooking
315,Chinese Moist-Heat Dish Preparation and Cooking
316,Chromatography Equipment Operation and Control
317,Circulation Assessment and Management
318,Civil and Structural Engineering Management
319,Civil Emergency Management
320,Civil Structure Maintenance
321,Claims Management
322,Claims Processing
323,Cleaning and Sterilising
324,Cleaning Chemical Handling
325,Cleaning Validation
326,Cleanliness and Contamination Control
327,Cleanliness Testing
328,Client Advocacy
329,Client Assessment for Genetic Counselling
330,Client Assessment for Occupational Therapy
331,Client Assessment for Physiotherapy
332,Client Assessment for Speech Therapy
333,Client Assessment in Therapy Support
334,Client Education in Rehabilitation Therapy
335,Client Education in Therapy Support
336,Client Investment Suitability
337,Client Management
338,Client Supervision
339,Climate Change Management
340,Climate Reporting
341,Clinical Governance
342,Clinical Incident Management in Rehabilitation Therapy
343,Clinical Investigational Drug Management
344,Clinical Records Documentation and Management
345,Clinical Services Development
346,Clinical Supervision
347,Clinical Support Duties and Procedures
348,Clinical Support for Patient Service Associates
349,Clinical Teaching and Supervision
350,Cloud Computing
351,Cloud Computing Application
352,Club Floor Operations Management
353,Coaching and Mentoring
354,Coaching and Mentoring for Educators
355,Coating
356,Cold Chain Operations Administration
357,Collaboration
358,Collaborative Practices Across Disciplines and Sectors
359,Collaborative Practices with Stakeholders across Disciplines
360,Collateral Management
361,Collateral Production
362,Colour Concept Application
363,Colour Grading
364,Commissioning and Start-up Management
365,Commissioning Coordination
366,Commodities Trading Management
367,Common Data Environment Management
368,Communication
369,Communication and Navigation System Design
370,Communication Auxiliary Systems Maintenance
371,Communication Backbone System Maintenance
372,Communication Power System Maintenance
373,Communications Channel Management
374,Community Development
375,Community Partnership
376,Compensation Management
377,Competency Framework Development
378,Competitive Business Strategy
379,Compliance Mindset Development
380,Compliance with Legal Regulations
381,Component Assembly
382,Composite Structures Design and Maintenance
383,Compositing Visuals
384,Computational Design
385,Computational Modelling
386,Computer Numeric Control Operations
387,Computer Vision Technology
388,Computer-aided Design
389,Computer-aided Design Application
390,Computer-aided Manufacturing
391,Computerised Systems Validation
392,Concept Art Creation
393,Concept Creation
394,Concept Creation for Production Design
395,Conceptual Thinking
396,Concierge and Uniformed Service Delivery
397,Condition Monitoring
398,Condition-based Assets Monitoring Management
399,Condition-based Monitoring
400,Conduct and Behaviour Management
401,Confidentiality Management
402,Configuration Tracking
403,Confined Space Management
404,Confined Space Work
405,Conflict Management
406,Conflict Resolution
407,Conflict Resolution Management
408,Construction Technology
409,Consumer Intelligence Analysis
410,Container Loading and Unloading Administration
411,Container Operations
412,Content Acquisition Management
413,Content Commissioning
414,Content Creation
415,Content Delivery Network Operations
416,Content Development and Strategy
417,Content Distribution
418,Content Ingest Operations
419,Content Management
420,Content Management System Utilisation
421,Content Marketing Strategy
422,Content Rating and Compliance
423,Content Strategy
424,Content Writing and Editing
425,Contingency Management
426,Contingent Workforce Management
427,Continuing Professional Development Management
428,Continuous Improvement
429,Continuous Improvement Management
430,Continuous Integration and Continuous Deployment
431,Continuous Process Improvement
432,Continuous Quality Improvement
433,Contract / Vendor Management
434,Contract Administration and Management
435,Contract and Vendor Management
436,Contract Development and Management
437,Contract Drafting
438,Contract Management
439,"Contract Preparation, Evaluation, Negotiation and Tendering"
440,Contracts and Agreements
441,Control Room Operations Management
442,Control System Programming
443,Cooling System Design
444,Copyright Application
445,Corporate and Business Law
446,Corporate and Business Law Application
447,Corporate Governance
448,Corrective Maintenance Management
449,Cost Control and Management
450,Cost Management
451,Costume Design and Creation
452,Counselling Assessment
453,Counselling Intervention
454,Counterparty Relationship Management
455,"Cranes, Remote Heads and Jibs Operations"
456,Creative Entrepreneurship
457,Creative Storytelling
458,Creative Thinking
459,Credit Assessment
460,Credit Management
461,Credit Risk Management
462,Crew Management
463,Crisis Communication
464,Crisis Communication and Media Management
465,Crisis Management
466,Crisis Management for Legal Professionals
467,Crisis Situations Management
468,Critical Thinking
469,Cross Docking
470,Crowd and Traffic Control Management
471,Crowd Control and Planning
472,Crowd Management
473,Cultural Sensitivity
474,Cultural Sensitivity for Design
475,"Cultural, Heritage and Socio-economic Sensitivity for Design"
476,Curriculum Design
477,Customer Acceptance Checking and Onboarding
478,Customer Acquisition and Relationship Management
479,Customer Acquisition Management
480,Customer and Passenger Handling and Care
481,Customer Behaviour Analysis
482,Customer Challenges Management
483,Customer Data Analysis
484,Customer Experience Innovation
485,Customer Experience Management
486,Customer Feedback and Relationship Management
487,Customer Loyalty
488,Customer Loyalty and Retention Strategy Design
489,Customer Loyalty and Retention Strategy Formulation
490,Customer Management
491,Customer Orientation
492,Customer Relationship Management
493,Customer Relationship Management Operations
494,Customer Service Delivery
495,Customer Service Excellence
496,Customer Service Innovation Management
497,Customisation and Localisation
498,Cutting
499,Cyber and Data Breach Incident Management
500,Cyber Forensics
501,Cyber Incident Management
502,Cyber Risk Management
503,Cyber Security
504,Cybersecurity
505,Cybersecurity Framework Application
506,Dangerous Goods Management
507,Data Analysis and Interpretation
508,Data Analytics
509,Data Analytics and Computational Modelling
510,Data Analytics System Design
511,Data and Information Management
512,Data and Information Visualisation
513,Data and Statistical Analytics
514,Data Centre Facilities Management
515,Data Collection and Analysis
516,Data Collection and Management
517,Data Collection and Preparation
518,Data Design
519,Data Engineering
520,Data Ethics
521,Data Governance
522,Data Management
523,Data Migration
524,Data Mining and Modelling
525,Data Protection Management
526,Data Sharing
527,Data Storytelling and Visualisation
528,Data Strategy
529,Data Synthesis
530,Data Visualisation
531,Data Visualisation and Storyboarding
532,Data Wrangling
533,Database Administration
534,Data-Mining and Modelling
535,Deal Origination and Structuring
536,Deal Structuring
537,Deal Syndication and Arrangement
538,Debt Restructuring
539,Decarbonisation Consulting
540,Decarbonisation Project Development
541,Decision Making
542,Defect Density Monitoring
543,Delegates and Participants Management
544,Delivery Management
545,Delivery Optimisation
546,Demand Analysis
547,Demand and Supply Analysis
548,Demand Management Operations
549,Demand Management Plan Development
550,Dental Inventory Maintenance and Management
551,Department Financial Management
552,Department Performance Management
553,Derivatives Trading Management
554,Design Concepts Generation
555,Design Creation and Development
556,Design for Maintainability
557,Design for Manufacturing and Assembly
558,Design for Safety
559,Design Sketching
560,Design Standards and Specification
561,Design Sustainability and Ethics Management
562,Design Thinking Practice
563,Design Writing
564,Detection and Monitoring Application
565,Deterrence
566,Developing People
567,Development on Intervention Plan for Physiotherapy
568,Digital and Interactive Design
569,Digital and Physical Prototyping
570,Digital Asset and File Management
571,Digital Fluency
572,Digital Forensics
573,Digital Image Production
574,Digital Lighting
575,Digital Lighting for Production
576,Digital Marketing
577,Digital Marketing and Communication
578,Digital Marketing Management
579,Digital Techniques Application
580,Digital Technology Adoption and Innovation
581,Digital Technology Environment Scanning
582,Direction
583,Disability Assessment and Management
584,Disaster Recovery Management
585,Display Creation and Management
586,Dispute Resolution
587,Dispute Resolution Strategy
588,Dispute Settlement
589,Disruption Management
590,Distributed Generation System Performance Monitoring Management
591,Diversity and Inclusion
592,Diversity and Inclusion Management
593,Diversity Awareness and Management
594,Document Control
595,Document Management for Pharmacy Support
596,Documentation
597,Documentation and Administration
598,"Drainage, Plumbing and Sanitary Systems Maintenance"
599,Drive Productivity and Innovation
600,Drug Distribution and Inventory Management
601,Dry Dock Project Management
602,Due Diligence
603,Due Professional Care
604,Early Childhood Curriculum Design
605,Early Childhood Pedagogical Practice
606,Early Childhood Programme Planning
607,Early Intervention Curriculum Design
608,Early Intervention Principles and Practices
609,Ecology in Landscapes
610,E-commerce Campaign Management
611,E-commerce Management
612,Effective Board Member
613,Effective Client Communication
614,Effective Communication in Nursing
615,Effective Patient Counselling
616,Effectiveness Management
617,Elastomer Seals Application
618,Electrical and Electronic Systems Maintenance
619,Electrical Design Approval
620,Electrical Drawing
621,Electrical Engineering Management
622,Electrical Field Maintenance Management
623,Electrical Fundamentals Application
624,Electrical Maintenance Management
625,Electrical Systems Design
626,"Electrical Termination, Connection and Measurement"
627,Electrical Testing
628,Electrical Wiring Interconnection Systems Maintenance
629,"Electrical, Electronic and Control Engineering"
630,Electricity Meter and Associated Equipment Installation and Commissioning
631,Electricity Metering Data Management
632,Electricity Network Incident Management
633,Electricity Network Operations Management
634,Electricity Network Performance Monitoring Management
635,Electricity Network Planning
636,Electricity Service Connections Planning
637,Electronic Fundamentals Application
638,Electronic Trading System Management
639,Electrostatic Discharge Control
640,e-Logistics IT Solutioning
641,Embedded System Integration
642,Embedded Systems Integration
643,Embedded Systems Interface Design
644,Embedded Systems Programming
645,Emergency and Crisis Situation Management
646,Emergency and Security Communication Systems Maintenance
647,Emergency Care Management in Nursing
648,Emergency Management
649,Emergency Response and Crisis Management
650,Emergency Response and Crisis Management Development and Implementation
651,Emergency Response Management
652,Emergency Response Planning
653,Emergency Shut-down and Restart
654,Emerging Technology
655,Emerging Technology Scanning
656,Emerging Technology Synthesis
657,Empathetic Design
658,Employee and Labour Relations
659,Employee Communication Management
660,Employee Engagement Management
661,Employee Mobility Management
662,Employee Relations
663,Employee Relationship Management
664,Employer Branding
665,Energy Management and Audit
666,Energy Product Advisory
667,Energy Trading Portfolio Optimisation
668,Engagement Completion and Reporting
669,Engagement Execution
670,Engagement Planning
671,Engagement Quality Control
672,Engagement Review
673,Engine Cleaning
674,Engine Component Parts Inspection
675,Engine Disassembly and Assembly
676,Engine Rigging and De-rigging
677,Engineering Contract Management
678,Engineering Drawing
679,Engineering Drawing and Design Specifications
680,"Engineering Drawing, Interpretation and Management"
681,Engineering Installation Design
682,Engineering Maintenance Management
683,Engineering Management of Change
684,Engineering Problem Solving
685,Engineering Product Design
686,Engineering Product Design Facilitation
687,Engineering Project Management
688,Engineering Safety and Security Standards
689,Engineering Safety Standards Interpretation
690,Engineering Standards Audit and Assessment
691,Engineering Support Management
692,Engineering Train and Rolling Stock Operation
693,Engineering Watch
694,"Engineering, Procurement and Construction Management"
695,"Engines and Components Handling, Inspection and Packing"
696,Enterprise Architecture
697,Enterprise Database System Administration
698,Enterprise Risk Management
699,Environment and Social Governance
700,Environment Impact Assessment
701,Environment Management in Landscape Operations
702,Environment Observation
703,Environmental Assessment and Modification for Occupational Therapy
704,Environmental Assessment and Modification for Physiotherapy
705,Environmental Management System Framework Development and Implementation
706,"Environmental Management System Policies, Standards, Procedures and Practices Management"
707,Environmental Protection Management
708,Environmental Sustainability Management
709,Equipment and Inventory Management
710,Equipment and System Value Engineering Management
711,Equipment and Systems Installation and Commissioning Management
712,Equipment and Systems Repair
713,Equipment and Systems Testing
714,Equipment Drawing
715,Equipment Maintenance
716,Equipment Maintenance and Housekeeping
717,Equipment Qualification
718,Ergonomics Hazards Management
719,Escalator and Travelator Maintenance
720,Escalator and Travellator Systems Maintenance and Management
721,Ethical Climate
722,Ethical Culture
723,"Ethics, Values and Legislation"
724,Event Logistics Administration
725,Events Planning and Management
726,Evidence Management
727,Excellence in Service
728,Executive Protection
729,Executive Remuneration Management
730,Exposure and Risk Measurement
731,Exposure Assessment and Management
732,Facade Design
733,Facilitation
734,Facilities Maintenance
735,Facilities Shut-down and Re-start
736,Facility Design
737,Facility Maintenance
738,Factory System Management
739,Failure Analysis
740,Family and Caregiver Engagement
741,Family Governance
742,Farm Biosecurity Compliance and Management
743,Feeding Management in Community Care
744,Feedstock and Product Transfer Operations Management
745,Filtration Equipment Operation and Control
746,Finance Business Partnering
747,Financial Acumen
748,Financial Administration
749,Financial Analysis
750,Financial Budget Planning and Management
751,Financial Budgeting
752,Financial Closing
753,Financial Crime Laws and Regulations
754,Financial Management
755,Financial Modelling
756,Financial Planning
757,Financial Planning and Analysis
758,Financial Planning and Budget Management
759,Financial Reporting
760,Financial Reporting Quality
761,Financial Statements Analysis
762,Financial Statements Review
763,Financial Transactions
764,Fire Prevention and Firefighting
765,Fire Prevention and Fire-fighting
766,Fire Protection System Design
767,Fire Protection System Maintenance
768,Fire Protection Systems Maintenance
769,Firearm Handling
770,First-aid
771,Fleet Procurement
772,Flexible Facilities Implementation
773,Flight Check-In Operations
774,Flight Deck Communications
775,Flight Dispatch
776,Flight Disruptions and Irregular Operations Management
777,Flight Performance Data Calculation
778,Flight Planning
779,Flight Watching and Flight Following
780,Flower Arrangement
781,Flower Harvesting and Handling
782,Food and Beverage Equipment Maintenance
783,Food and Beverage Inventory Management
784,Food and Beverage Production Management
785,Food and Beverage Quality Assurance Framework Development
786,Food and Beverage Quality Audit and Assessment
787,Food and Beverage Quality Audit and Compliance
788,Food and Beverage Recipe Formulation
789,Food and Beverage Safety and Hygiene
790,"Food and Beverage Safety, Hygiene and Security"
791,Food and Beverage Service
792,Food and Beverage Services
793,Food and Beverage Visual Merchandising Presentation
794,Food Manufacturing Facility Maintenance
795,Food Manufacturing Process Design
796,Food Product Marketing
797,Food Production Management
798,Food Safety Analysis
799,Food Safety and Hygiene
800,Food Safety Management
801,Food Science Application
802,Food Shop Hygiene Maintenance
803,Food Technology Application
804,Food Waste Disposal and Reduction
805,Food Waste Management
806,Forensic Data Analytics
807,Form Giving
808,Forming
809,Franchise Management
810,Fraud Detection and Prevention
811,Fraud Investigation Planning and Execution
812,Fraud Risk Management
813,Freight and Cargo Claim Administration
814,Freight Insurance Administration
815,Front Office Operations Management
816,Front-End Engineering and Design
817,Front-End Engineering Design Management
818,Frontline Services Management
819,Fuel Accessories Components Maintenance
820,Fuel and Lubrication System Design
821,Fuel Terminal Operations Management
822,Fuel Trading
823,Functional Analysis
824,Fund Accounting
825,Fundraising and Sponsorships
826,Furniture and Furnishing Maintenance
827,Game Analytics
828,Game Artificial Intelligence Development
829,Game Concept Design
830,Game Engine Development
831,Game Level Development
832,Game Networking
833,Game Physics Development
834,Game Porting
835,Game Production Optimisation
836,Game Quality Assurance Testing
837,Game Server Programming
838,Game Sound Integration
839,Game Technical Design
840,Game Testing Automation
841,Game User Interface Development
842,Game-Based Marketing
843,Gameplay Design
844,Gameplay Development
845,Gas Cathodic Protection System Operation and Maintenance
846,Gas Meter Installation and Commissioning
847,Gas Meter Maintenance
848,Gas Metering Data Management
849,Gas Network Operations Management
850,Gas Network Performance Monitoring Management
851,Gas Network Planning
852,Gas Network System Management
853,Gas Pipeline Leak Surveying
854,Gas Receiving and Holder Operations and Maintenance
855,Gas Turbine Engine Principles Application
856,Genetic Knowledge Analysis
857,Geometric Dimensioning and Tolerancing
858,Geotechnical Engineering Management
859,Global Perspective
860,Goal Setting in Rehabilitation Therapy
861,Good Agriculture Practices Implementation
862,Good Manufacturing Practices Implementation
863,Governance
864,Green Building Strategy Implementation
865,Green Facilities Management
866,Green Manufacturing Design and Implementation
867,Green Ship Design
868,Greenhouse Gas (GHG) Emissions Reduction Target Setting
869,Greenhouse Gas Accounting
870,Ground Handling Services and Operations Management
871,Ground Services Training Delivery
872,Ground Support Equipment Failure Analysis
873,Ground Support Equipment Maintenance
874,Ground Support Equipment Operations
875,Ground Support Equipment Safety Audit Inspections
876,Group Accounting and Consolidation
877,Group Therapy Planning and Implementation
878,Group Work Assessment and Planning
879,Group Work Evaluation
880,Group Work Intervention
881,Guard and Patrol
882,Hair Design and Styling
883,Halal Certification Compliance for Food and Beverages Operations
884,Hazard and Risk Control and Policy Management
885,Hazard and Risk Identification and Management
886,Hazard Control in Laser Devices
887,Hazardous Material Management
888,Hazardous Materials Identification System (HMIS) Administration
889,Hazardous Substances Impact Evaluation
890,Hazardous Substances Management
891,"Hazards and Risk Control, and Policy Management"
892,Hazards and Risk Identification and Management
893,Hazards Identification
894,Health and Fatigue Risk Management
895,Health and Wellness Programme Management
896,Health Education Programme Development and Implementation
897,Health Promotion
898,"Health, Hygiene and Nutrition for Children"
899,"Health, Safety and Environment Procedures Implementation"
900,Heat Transfer System Design
901,Heat Treatment Process
902,"Heating, Ventilation and Air Conditioning System Design"
903,Heavy Crane Vehicle Maintenance
904,Heavy Lifting Machinery Operation
905,Hedging Management
906,"Helicopter Aerodynamics, Structures and Systems Principles Application"
907,High Speed Camera Operations
908,High Voltage Direct Current System Engineering and Design
909,High Voltage Direct Current System Operations and Maintenance
910,High Voltage Power Systems Maintenance
911,Holographic Camera Operations
912,Horizontal Surface Maintenance
913,Horticultural Chemical Usage
914,Horticultural Maintenance Programme
915,Horticulture Management
916,Hospitality Data Collection and Analysis
917,Hospitality Venue Inspection
918,Hotel Asset Valuation and Acquisition
919,House Brand Development
920,Hull Inspections
921,Human Factors Application and Error Management
922,Human Factors in Job Design
923,Human Factors Management
924,Human Resource Advisory
925,Human Resource Analytics and Insights
926,Human Resource Digitalisation
927,Human Resource Policies and Legislation Framework Management
928,Human Resource Practices Implementation
929,Human Resource Service Quality Management
930,Human Resource Strategy Formulation
931,Human Resource Systems Management
932,Human-Robot Collaboration
933,Hydraulic Systems Management
934,ICT Disaster Recovery Management
935,Idea Generation and Selection
936,Image Processing and Industrial Vision Inspection
937,Imagination and Exploration
938,Immersive Design
939,Immersive Video Editing
940,Immersive Video Editing for Performing Arts
941,"Impact Indicators, Measurement and Reporting"
942,Import and Export Documentation Administration
943,Inbound Marketing
944,Incident and Accident Investigation
945,Incident Investigation Management
946,Incident Response
947,Inclement Weather Operations and Planning
948,Indian Dry-Heat Dish Preparation and Cooking
949,Indian Moist-Heat Dish Preparation and Cooking
950,Individual and Cultural Diversity
951,Individualised Intervention Planning and Implementation
952,Indoor Air Quality Management
953,Indoor Environmental Quality Improvement
954,"Industry Knowledge, Research and Analysis"
955,Industry Networking
956,Infection Control
957,Infection Prevention and Control in Nursing Practice
958,In-Flight Customer Services
959,In-Flight Emergency Management
960,Influence
961,Infocomm Security and Data Privacy
962,Infographics and Data Visualisation
963,Information and Communication Technology Disaster Recovery Management
964,Information Collection
965,Information Gathering and Analysis
966,Information Technology and Network Security
967,Information Technology Application Support and Monitoring
968,Infrastructure Deployment
969,Infrastructure Design
970,Infrastructure Strategy
971,Infrastructure Support
972,Initial Assessment
973,Injection Mould Design
974,Innovation
975,Innovation Management
976,Inspection Engineering Management
977,Installation and Assembly
978,Installation Planning and Execution
979,Instrumentation and Control Design Engineering Management
980,Instrumentation and Control Field Maintenance Management
981,Instrumentation and Control Maintenance Management
982,Instrumentation and Control System Design
983,Instrumentation and Control System Maintenance Management
984,Insurance Claims Handling
985,Integrated Digital Delivery Application
986,Integrated Marketing
987,Integrated System Design and Application
988,Intellectual Property (IP) Management
989,Intellectual Property Audit and Due Diligence
990,Intellectual Property Commercialisation and Exploitation
991,Intellectual Property Enforcement
992,Intellectual Property in Business
993,Intellectual Property in Research and Development
994,Intellectual Property Intelligence
995,Intellectual Property Licencing
996,Intellectual Property Management
997,Intellectual Property Management Processes
998,Intellectual Property Monetisation
999,Intellectual Property Portfolio Management
1000,Intellectual Property Strategy
1001,Intelligent Reasoning
1002,Interaction and Relationship
1003,Interaction Design Practice
1004,Interface Management
1005,Internal Audit Engagement Execution
1006,Internal Audit Engagement Planning
1007,Internal Audit Function Management
1008,Internal Audit Quality Assurance
1009,Internal Controls
1010,Internal Controls in Product Development
1011,International Air Transport Association Safety Audit for Ground Operations Implementation
1012,International Marketing Programmes Management
1013,International Trade Legislation Compliance
1014,International Trade Legislation for Business
1015,Internet of Things Application
1016,Internet of Things Implementation
1017,Internet of Things Management
1018,Inter-professional Collaboration
1019,Intervention Implementation
1020,Intervention Implementation in Therapy Support
1021,Intervention Planning in Genetic Counselling
1022,Intervention Planning in Occupational Therapy
1023,Intervention Planning in Speech Therapy
1024,Interviewing
1025,Inventory Control
1026,Inventory Control and Equipment Maintenance
1027,Inventory Control and Equipment Maintenance in Rehabilitation Care
1028,Inventory Management
1029,Inventory Management in Rehabilitation Therapy
1030,Inventory Procurement for Pharmacy Support
1031,Involuntary Exit Management
1032,IT Asset Management
1033,IT Governance
1034,IT Standards
1035,IT Strategy
1036,Jigs and Fixture Design
1037,Jigs and Fixtures Design
1038,Job Analysis and Evaluation
1039,Joining and Welding
1040,Kitchen Production Scheduling
1041,Knowledge Management
1042,Laboratory Data Analysis
1043,Laboratory Data Reporting and Analysis Management
1044,Laboratory Equipment Maintenance and Calibration Management
1045,Laboratory Management
1046,Laboratory Operations Management
1047,Labour Relations Management
1048,Landscape Drainage Management
1049,Landscape Irrigation Management
1050,"Landscape Tools, Equipment and Machinery Management"
1051,Laser and Optics Application
1052,Lashing
1053,Launch Planning and Management
1054,Laundry Operations Management
1055,Leadership Development
1056,Lean Manufacturing
1057,Learner Assessments
1058,Learning Agility
1059,Learning and Development
1060,Learning and Development Framework Management
1061,Learning and Development Programme Management
1062,Learning and Development Strategy
1063,Learning Environment Design
1064,Learning Experience Delivery
1065,Learning Framework Development
1066,Learning Needs Analysis
1067,Learning Programme Delivery
1068,Learning Programme Design
1069,Learning Programme Evaluation
1070,Learning Strategy Development
1071,Learning Support Session Planning and Implementation
1072,Legal Advocacy
1073,Legal Business Acumen
1074,Legal Compliance Management
1075,Legal Drafting and Writing
1076,Legal Interviewing
1077,Legal Matter Management
1078,Legal Research and Analysis
1079,Legal Writing
1080,Legislative and Regulatory Compliance
1081,Level Design
1082,Life Cycle Costing and Analysis
1083,Lift Planning and Management
1084,Lift Systems Maintenance
1085,Lift Systems Maintenance and Management
1086,Lifts and Escalators Systems Design
1087,Lighting Conceptualisation and Design
1088,Lighting Conceptualisation and Design for Production
1089,Lighting Design Optimisation
1090,Lighting Operations
1091,Lightning Protection Systems Design
1092,Linen and Uniform Room Operations Management
1093,Liquefied Natural Gas Breakbulk Services Management
1094,Litigation Support
1095,Livestock Cargo Administration
1096,Load Control Documentation
1097,Load Profile and Capacity Certificate Management
1098,Local Exhaust Ventilation System Management
1099,Location Scouting and Management
1100,Locomotive Maintenance
1101,Logistics Operations Research and Planning
1102,Logistics Process Quality Management
1103,Logistics Solution Design Thinking
1104,Logistics Solution Product / Project Management
1105,Logistics Solutions Marketing
1106,Logistics Solutions Sales
1107,Loss and Risk Prevention Management
1108,Low Voltage Power Systems Maintenance
1109,Low Voltage Switchboard Maintenance
1110,Machining
1111,Macroeconomic Analysis
1112,Maintenance and Repair
1113,Maintenance Coordination
1114,Maintenance Integrity and Reliability Framework Development and Implementation
1115,Maintenance Organisation Structure Management
1116,Maintenance Planning and Scheduling
1117,Maintenance Scheduling
1118,Maintenance Strategy Development
1119,Maintenance Strategy Management
1120,Major Hazard Installation Safety Case Management
1121,Make-up Design (and Special Effects)
1122,Malay Dry-Heat Dish Preparation and Cooking
1123,Malay Moist-Heat Dish Preparation and Cooking
1124,Manage Change
1125,Management Decision Making
1126,Management of Stakeholders
1127,Manpower Forecasting
1128,Manpower Planning
1129,Manpower Planning and Deployment
1130,Manual and Digital Drawings Production
1131,Manufacturing Equipment Operation and Control
1132,Manufacturing Process Design
1133,Manufacturing Process Management
1134,Manufacturing Systems Operation and Control
1135,Manufacturing Technology
1136,Manufacturing Workflow Management
1137,Marine Auxiliary System Maintenance
1138,Marine Design Customisation
1139,Marine Engineering Calculations
1140,Marine Equipment and System Maintenance
1141,Marine Equipment Material Selection
1142,Marine Incident and Accident Investigations
1143,Marine Insurance Claims Handling
1144,Marine Insurance Underwriting Profitability and Efficiency Management
1145,Marine Survey Reporting
1146,Maritime Emergency Response Management
1147,Maritime Hazards Identification
1148,Maritime Incident Management
1149,Maritime Safety Culture Management
1150,Maritime Safety Performance Management
1151,Maritime Safety Policy Development
1152,Market Demand and Feedstock Management
1153,Market Entry Strategy Formulation
1154,Market Evaluation
1155,Market Intelligence
1156,Market Liquidity and Counterparty Matching
1157,Market Profiling
1158,Market Research
1159,Market Research and Analysis
1160,Market Risk Management
1161,Market Specialisation
1162,Market Trend Analysis
1163,Marketing Campaign Management
1164,Marketing Communication Plan Development
1165,Marketing Communications Plan Development
1166,Marketing Content Development
1167,Marketing Management
1168,Marketing Mix Management
1169,Marketing Operations Management
1170,Marketing Strategy
1171,Marketing Strategy Development
1172,Marketing Strategy Development and Implementation
1173,Mass Communications Management
1174,Master Control Room Operations
1175,Material Flow Modelling
1176,Material Handling Equipment (MHE) Handling
1177,Material Inspection
1178,Material Joining
1179,"Material Management (Planning, Sourcing, Use, Disposal)"
1180,Material Qualification
1181,Material Studies and Production Processes
1182,Materials Inspection
1183,Materials Management
1184,Materials Qualification
1185,Mathematical Concepts Application
1186,Measurement of Building and Construction Works
1187,"Measurement, Reporting and Verification (MRV) (For Carbon Credit Projects)"
1188,Meat Storage and Fabrication
1189,Mechanical Engineering Management
1190,Mechanical Field Maintenance Management
1191,Mechanical Maintenance Management
1192,Mechanical Rotating Equipment Engineering Management
1193,Mechanical Static Equipment Engineering Management
1194,Media Content Cataloguing
1195,Media Data Management
1196,Media Distribution Platform Management
1197,Media File Formats Conformation
1198,Media Law and Compliance
1199,Media Platforms Management
1200,Media Storage Record Maintenance
1201,Media Strategy Development
1202,Medication Administration for Prehospital Cases
1203,Medication Dispensing
1204,Medication Management in Nursing
1205,Medication Reconciliation in Pharmacy Support
1206,Medication Safety
1207,"Meetings, Incentives, Conferences and Exhibitions (MICE) Content and Experience Development and Delivery"
1208,"Meetings, Incentives, Conferences and Exhibitions (MICE) Equipment Management and Venue Management"
1209,Mentoring for Youths
1210,Merchandise Buying
1211,Merchandise Performance Analysis
1212,Mergers and Acquisition
1213,Mergers and Acquisitions Management
1214,Metal Forming
1215,Metal-based Additive Manufacturing
1216,Metallic Material Characterisation
1217,Meter and Associated Equipment Maintenance Management
1218,Metrology Management
1219,Microclimate in Landscape Design
1220,Mobile Apps Marketing
1221,Mobile Equipment - Heavy Duty Prime Mover and Trailer Operations
1222,Mobile Equipment - Prime Mover Defensive Driving
1223,Mobile Generator Deployment
1224,Mobility and Ambulation Assistance in Nursing
1225,Monitoring and Surveillance
1226,Multi-Camera Operations
1227,Multi-function Vehicle Maintenance
1228,Multimedia Design
1229,Multimedia Operations
1230,Nacelle Mechanical Structures Maintenance
1231,Narrative Design
1232,Narrative Design in Product Development
1233,Natural Capital Management
1234,Natural Ventilation Design
1235,Naval Architecture Calculations
1236,Navigation and Position Determination
1237,Navigation and Position Determination (Special Limit)
1238,Navigation Watch
1239,Navigation Watch (Special Limit)
1240,Negotiation
1241,Network Administration and Maintenance
1242,Network Configuration
1243,Network Diversion Management
1244,Network Equipment Testing
1245,Network Monitoring and Control Management
1246,"Network Monitoring, Control and Supply Restoration"
1247,Network Planning and Operations
1248,Network Security
1249,Network Simulation and Analysis
1250,Network Slicing
1251,Network System Planning and Design
1252,Network Systems Maintenance
1253,Network Technical Specifications Development
1254,Networking
1255,New Engine Build Process Application
1256,New Export Market Entry Strategy Formulation
1257,New Product Introduction
1258,New Product Introduction for Food
1259,News Bulletin Production
1260,News Delivery and Presentation
1261,News Editing
1262,News Story Development
1263,News Story Research
1264,Noise and Vibration Control
1265,Noise and Vibration Monitoring
1266,Non-Alcoholic Beverage Preparation
1267,Non-Conformance Management
1268,Non-destructive Testing
1269,Non-destructive Testing (Eddy Current Inspection)
1270,Non-destructive Testing (Infrared Inspection)
1271,Non-destructive Testing (Liquid Penetrant Inspection)
1272,Non-destructive Testing (Magnetic Particle Inspection)
1273,Non-destructive Testing (Radiographic Inspection)
1274,Non-destructive Testing (Ultrasonic Inspection)
1275,Non-destructive Testing (Vibration Analysis)
1276,Non-destructive Testing Management
1277,Non-Financial Industry Sustainability Developments
1278,Non-Financial Reporting
1279,Non-metallic Materials Manufacturing
1280,Non-metallic Materials Testing
1281,Non-sterile Compounding
1282,Novel Food Application
1283,Nursery Operations Management
1284,Nursing Care for the Deceased
1285,Nursing Manpower Planning
1286,Nursing Productivity and Innovation
1287,Nursing Research and Statistics
1288,Nutrition and Fluids Management in Nursing
1289,Onboarding
1290,One-Stop Service Delivery
1291,Operation Management
1292,Operational Excellence
1293,Operational Risk Management
1294,Operational Technology Security Audit Management
1295,Operational Technology Security Design
1296,Operations Management
1297,Operations Reporting Protocol Application
1298,Operations Risk Management
1299,Opportunity Development
1300,Order Fulfilment Administration
1301,Order Fulfilment and Returns Processing
1302,Order Processing and Change Request Management
1303,Organisation and Board Relationship
1304,Organisation Evaluation for Business Excellence
1305,Organisation Representative
1306,Organisational Alignment and Interdependency Analysis
1307,Organisational Analysis
1308,Organisational Analysis Management
1309,Organisational Change Management
1310,Organisational Culture Development
1311,Organisational Design
1312,Organisational Diagnosis
1313,Organisational Event Management
1314,Organisational Performance Management
1315,Organisational Planning and Target Setting
1316,Organisational Relationship Building
1317,Organisational Resource Management
1318,Organisational Risk Management
1319,Organisational Strategising
1320,Organisational Strategy and Policy Realisation
1321,Organisational Strategy Development
1322,Organisational Strategy Formulation
1323,"Organisational Vision, Mission and Values Formulation"
1324,Outage Planning
1325,Overhead Catenary System Maintenance
1326,Packaging Testing
1327,Packaging Validation
1328,Paid Search Engine Marketing (SEM)
1329,Para-Counselling
1330,Parametric Testing
1331,Partnership Development and Management
1332,Partnership Management
1333,Passenger Information Systems Management
1334,Passenger Movement Management
1335,Passenger Train Operations
1336,Pastry Preparation
1337,Patent Claims and Application Drafting
1338,Patent Office Action and Infringements
1339,Patent Practice
1340,Patient Care Delivery in Nursing
1341,Patient Education and Engagement
1342,Patient education in genetics
1343,Patient Education on Use of Prescribed Drugs
1344,Patient Empowerment on Self-care
1345,Pattern Recognition Systems
1346,People and Performance Management
1347,People and Relationship Management
1348,People Capability Development
1349,People Change Management
1350,People Development
1351,People Management
1352,People Performance Management
1353,Performance Management
1354,Performance Management for Nursing
1355,Performing Arts Production Operations
1356,Permit Management
1357,Personal Effectiveness
1358,Personal Finance Advisory
1359,Personal Performance Management
1360,Personal Survival Techniques
1361,Personnel and Equipment Operational Readiness
1362,Pest Behavioural Management
1363,Pest Control Detection and Monitoring Application
1364,Pest Control Site Assessment and Analysis
1365,Pest Disposal Management
1366,Pesticide Application
1367,Pharmaceutical and Nutritional Product Introduction
1368,Pharmaceutical Equipment Maintenance
1369,Pharmacovigilance Integration
1370,Pharmacy Information Technology Management
1371,Pharmacy-only (P) Medication Sales
1372,Philanthropy Advisory
1373,Photographic Images Manipulation
1374,Physics Concepts Application
1375,Pilotage Emergencies
1376,Pilotage Planning
1377,Pipeline Damage Prevention Management
1378,Pipeline Drawing
1379,"Piston Aeroplane Aerodynamics, Structures and Systems Principles Application"
1380,Piston Engine Principles Application
1381,Placemaking and Programming of Open Spaces
1382,Placemaking and Programming of Spaces
1383,Plant Economic Modelling
1384,Plant Equipment Diagram Review
1385,Plant Health Management and Disease Control
1386,Plant Identification
1387,Plant Propagation and Production
1388,Plant Pruning
1389,Plant Selection for Landscape Development
1390,Plant Turnaround Management
1391,Plants and Materials Procurement for Landscape Projects
1392,Plastic Injection Moulding
1393,Plastic Recycling Process
1394,Platform Screen Door Maintenance
1395,"Plumbing, Sanitary, Drainage and Gas Systems Design"
1396,Pneumatic Systems Management
1397,Point-Of-Purchase Marketing
1398,Policy Implementation and Revision
1399,Polymeric Additive Manufacturing
1400,Polymeric Material Characterisation
1401,Port Call Planning
1402,Port Equipment Maintenance
1403,Portfolio and Investment Risk Management
1404,Portfolio Management
1405,Post Trade Monitoring and Risk and Capital Management
1406,Post-deal Integration Management
1407,Post-Landing Operations
1408,Power Generation Process Control and Monitoring
1409,Power Generation System Design
1410,Power Plant Incident Investigation Management
1411,Power Plant Inspection Management
1412,Power Plant Operations Management
1413,Power Quality Management
1414,Practice Evaluation
1415,Practice Supervision
1416,Practitioner Inquiry
1417,Precision Measurement
1418,Predictive Maintenance
1419,Pre-Flight Preparation
1420,Press Conferences Management
1421,Preventive Maintenance
1422,Preventive Maintenance Management
1423,Price Stabilisation
1424,Price Verification and Profit Analysis
1425,Pricing for Cargo Services and Operations
1426,Pricing for Transportation Services and Operations
1427,Pricing for Warehouse Services and Operations
1428,Pricing Strategy
1429,Print Management
1430,Print Production Trends and Techniques
1431,Problem Identification
1432,Problem Management
1433,Problem Solving
1434,Process Analyser Maintenance Management
1435,Process Analytical Technology Implementation
1436,Process Control
1437,Process Development Management
1438,Process Engineering Design
1439,Process Equipment Preparation for Mechanical Work
1440,Process Improvement
1441,Process Improvement and Optimisation
1442,Process Integration
1443,Process Modelling
1444,Process Monitoring
1445,Process Operations Troubleshooting
1446,Process Optimisation
1447,Process Plant and Equipment Integrity Management
1448,Process Quality Management
1449,Process Safety Management Framework Development and Implementation
1450,Process Unit and Utilities Operations Management
1451,Process Validation
1452,Procurement
1453,Procurement Coordination and Policy Development
1454,Procurement for Production Operations
1455,Procurement Management
1456,Procurement Performance Monitoring
1457,Product Advisory
1458,Product and Machine Assembly
1459,Product and Pricing Analysis
1460,Product and Pricing Strategy Development
1461,Product and Production Engineering
1462,Product Costing and Pricing
1463,Product Demonstration
1464,Product Design and Development
1465,Product Development
1466,Product Improvement
1467,Product Lifecycle Management
1468,Product Management
1469,Product Marketing and Branding
1470,Product Performance Management
1471,Product Risk Analytics
1472,Product Risk Assessment
1473,Product Styling
1474,Product Testing
1475,Product Testing Management
1476,"Product, Content and Experience Performance Management"
1477,Production Bioprocess Development
1478,Production Budget Management
1479,Production Design
1480,Production Line Set-Up
1481,Production of Still and Moving Images
1482,Production Operations
1483,Production Optimisation
1484,Production Performance Management
1485,Production Planning
1486,Production Planning and Scheduling
1487,Production Quality Management
1488,Production Resource Management
1489,Production Shut-down and Re-start
1490,Production team and Crew Selection
1491,Productivity and Innovation Strategy
1492,Productivity Improvement
1493,Productivity Optimisation for Food and Beverages Operations
1494,Products and Services Promotions
1495,Professional Advice and Engagement
1496,Professional and Business Ethics
1497,Professional Consultation
1498,Professional Ethics
1499,Professional Scepticism and Judgment
1500,Professional Standards
1501,"Professional, Legal and Ethical Healthcare Practice"
1502,Programme Delivery
1503,Programme Design
1504,Programme Evaluation
1505,Programme Management
1506,Programme Planning
1507,Programming and Coding
1508,Project Administration
1509,Project After Action Review
1510,Project Coordination
1511,Project Cost
1512,Project Execution and Control
1513,Project Feasibility
1514,Project Feasibility Assessment
1515,Project Integration
1516,Project Management
1517,Project Plan
1518,Project Quality
1519,Project Quality Management
1520,Project Resources
1521,Project Risk
1522,Project Risk Management
1523,Project Scope
1524,Project Timeline
1525,Prop Design
1526,Propeller Principles Application
1527,Property and Infrastructural Planning
1528,Property Operations Management
1529,Proposal Management
1530,Proposal Writing
1531,Proposal Writing Development
1532,Props Management
1533,Propulsion Principles Application
1534,Propulsion System Design
1535,"Propulsion, Plant and Machinery"
1536,Psychological Assessment
1537,Psychological Formulation
1538,Psychological Intervention
1539,Public Areas Housekeeping Operations Management
1540,Public Hygiene Maintenance
1541,Public Relations Campaign Management
1542,Public Relations Management
1543,Public-Private-Individual Partnership Collaboration
1544,Pump and Piping Design
1545,Pyrolysis Process for Plastic Waste Recycling
1546,Qualitative Analysis
1547,Qualitative Research
1548,Quality and Audit Management
1549,Quality Assurance
1550,Quality Assurance and Audit
1551,Quality Assurance Management
1552,Quality Control and Assurance
1553,Quality Control Management
1554,Quality Engineering
1555,Quality Engineering Integration
1556,Quality Improvement and Safe Practices
1557,Quality Process Control
1558,Quality Standards
1559,Quality System Management
1560,Quality Systems
1561,Quality Systems Management
1562,Quantitative Research
1563,Radio Frequency Engineering
1564,Radio System Maintenance
1565,Radioactive Materials and Irradiating Apparatus Management
1566,Rail Emergency Response Management
1567,Rail Grinding Vehicle Maintenance
1568,Rail Incident Management
1569,Rail Operations Control Management
1570,Rail Operations Enhancement Management
1571,Rail Regulatory Compliance
1572,Rail Track Inspection
1573,Rail Track Maintenance
1574,Raw Materials and Utilities Testing
1575,Recipe Formulation
1576,Recruitment Channel Management
1577,Reflective Practice
1578,Reflective Practice for Educators
1579,Reflexive Practice
1580,Registered Design Application
1581,Regulatory and Legal Advisory
1582,Regulatory Compliance
1583,Regulatory Risk Assessment
1584,Regulatory Strategy
1585,Regulatory Submission and Clearance
1586,Rehearsal Management
1587,Relay and Protection Systems Development
1588,Reliability Centred Maintenance
1589,Reliability Engineering Management
1590,Report Writing
1591,Research
1592,Research and Development
1593,Research and Information Synthesis
1594,Research Data Analysis
1595,Research Data Collection and Management
1596,Research Design
1597,Research Findings Communication
1598,Research into Professional Practice Translation
1599,Research Proposal Development
1600,Research Translation
1601,Resilience and Self-care
1602,Resource Management
1603,Respiratory Care in Nursing
1604,Responsive Caregiving Approaches
1605,Restructuring Insolvency Advisory
1606,Retail Administration
1607,Retail Logistics Administration
1608,Retail Space Utilisation
1609,Retailing and the Economy
1610,Retirement and Re-employment Management
1611,Revenue Optimisation
1612,Rigging and Signalling
1613,Rigging Equipment Maintenance
1614,Rigging for Animation
1615,Rigging Operations
1616,Riser and Service Pipe Inspection
1617,Risk Advisory
1618,Risk Analytics
1619,Risk and Compliance Management
1620,Risk and Compliance Reporting
1621,Risk and Crisis Management
1622,Risk Appetite and Goals Setting
1623,Risk Assessment
1624,Risk Assessment for Production
1625,Risk Compliance and Governance
1626,Risk Control and Response Planning
1627,Risk Management
1628,Risk Management and Administration
1629,Robotic and Automation System Maintenance
1630,Robotic and Automation Technology Application
1631,Robotics and Automation Application
1632,Rolling Stock Air-conditioning and Ventilation Systems Maintenance
1633,Rolling Stock Auxiliary Systems Maintenance
1634,Rolling Stock Bogie Maintenance
1635,Rolling Stock Brake Systems Maintenance
1636,Rolling Stock Car Body Maintenance
1637,Rolling Stock On-Board Control and Communication Systems Maintenance
1638,Rolling Stock Power Systems Maintenance
1639,Rolling Stock Propulsion Systems Maintenance
1640,Room Distribution Channel Management
1641,Room Housekeeping Operations Management
1642,Room Reservation Operations Management
1643,Room Revenue Management
1644,Route Forecasting and Development
1645,Rules-Based Copy Editing
1646,Runway Safety
1647,Safe System of Work Development and Implementation
1648,Safety Integrity Levels Management
1649,Safety System Design
1650,Sales and Business Development
1651,Sales Channel Management
1652,Sales Closure
1653,Sales Delivery
1654,Sales Management
1655,Sales Strategy
1656,Sales Strategy Development
1657,Sales Target Management
1658,Sales Trends and Opportunities Analysis
1659,Sample Management
1660,Scaffolding
1661,Scenario and Strategic Planning
1662,Scenario Planning and Analysis
1663,Scheduling and Slot Coordination
1664,Scientific Writing and Communication
1665,Scriptwriting
1666,Seafood Storage and Fabrication
1667,Sealants Process
1668,Search and Rescue Operations
1669,Search Engine Optimisation (SEO)
1670,Security Administration
1671,Security Architecture
1672,Security Assessment and Testing
1673,Security Education and Awareness
1674,Security Escort
1675,Security Event Management
1676,Security Governance
1677,Security Management
1678,Security Operation Compliance
1679,Security Programme Management
1680,Security Risk Analysis
1681,Security Screening Management
1682,Security Strategy
1683,Security Surveillance Management
1684,Security Threat Research
1685,Selection Management
1686,Self Management
1687,Self-defence
1688,Self-Learning Systems
1689,Sense Making
1690,Sentiment Analysis
1691,Service Brand
1692,Service Branding and Coaching
1693,Service Challenges
1694,Service Coaching
1695,Service Excellence
1696,Service Information and Results
1697,Service Innovation
1698,Service Innovation Culture
1699,Service Innovation Management
1700,Service Leadership
1701,Service Level Agreement Management
1702,Service Level Management
1703,Service Partnerships
1704,Service Planning and Implementation
1705,Service Quality Management
1706,Set Construction
1707,Set Design
1708,Sheet Metal Structures Maintenance
1709,Ship Compliance Management
1710,Ship Cyber Security
1711,Ship Energy Efficiency
1712,Ship Financing
1713,Ship Maintenance and Repair (Dock)
1714,Ship Medical Care
1715,"Ship Mooring, Anchoring and Securing Operations"
1716,Ship Operations
1717,Ship Propulsion Inspections
1718,Ship Repair Management
1719,Ship Safety Management Systems Audit
1720,Ship Sale and Purchase
1721,Ship Seaworthiness and Pollution Prevention
1722,Ship Security
1723,Ship Valuation
1724,Shipment Load Planning and Palletisation / Consolidation
1725,Shipping Network Operations Management
1726,Shipping Trade Management
1727,Shopper Marketing Campaign Management
1728,Signal Interlocking Systems Maintenance
1729,Signalling Auxiliary Devices and Equipment Maintenance
1730,Single Stack Medium Forklift Operations
1731,Site and Factory Acceptance Testing Management
1732,Site Assessment and Analysis
1733,Situation Management with Families and Community
1734,Skills Framework Adoption
1735,Skin Exposure Risk Management
1736,Skyrise Greenery Design and Implementation
1737,Skyrise Greenery Maintenance
1738,Smart Facilities Management
1739,Smart Farming Technology Implementation
1740,Social Media Content Creation and Management
1741,Social Media Management
1742,Social Media Marketing
1743,Social Policy Development
1744,Social Policy Evaluation
1745,Social Policy Formulation
1746,Social Policy Implementation
1747,Social Sector Policy Influence
1748,Social Service (Early Intervention) Programme Development and Implementation
1749,Social Service Programme Development
1750,Social Service Programme Evaluation
1751,Social Service Programme Implementation
1752,Software Configuration
1753,Software Design
1754,Software Testing
1755,Soil and Media Assessment and Remediation
1756,Solar Photovoltaic Energy Assessment
1757,Solar Photovoltaic Project Financing and Risk Analysis
1758,Solar Photovoltaic Systems Designs
1759,Solution Architecture
1760,Solution Design Thinking
1761,Solutioning
1762,Solutions Design Thinking
1763,Sound Design and Creation
1764,Sound Editing
1765,Sound Mixing
1766,Sound Recording Operations
1767,Special Situations in Prehospital Setting
1768,Specialty Cuisine Preparation and Cooking
1769,Sponsorship Management
1770,Stabilised Camera Operations
1771,Staff Communication and Engagement
1772,Staff Continuous Learning
1773,Staff Development Management
1774,Staff Management
1775,Staff Performance Management
1776,Staff Training Facilitation
1777,Staff Training Management
1778,Stakeholder Engagement and Management
1779,Stakeholder Management
1780,Stakeholder Management for Legal Professionals
1781,Standard Operating Procedure Development and Implementation
1782,Standard Operating Procedures Development
1783,Station Air-Conditioning Systems Maintenance
1784,Steam and Water Quality Control Management
1785,Steering and Helmsmanship
1786,Sterile Manufacturing of Pharmaceutical Products
1787,Store Facilities and Housekeeping
1788,Store Security Policy
1789,Storyboarding
1790,Stowage Load Planning
1791,Strategic Human Resource Management
1792,Strategic Service Excellence
1793,Strategic Service Excellence Management
1794,Strategic Workforce Planning
1795,Strategy Development
1796,Strategy Development and Implementation Management
1797,Strategy Execution
1798,Strategy Implementation
1799,Strategy Management
1800,Strategy Planning
1801,Structural and Arrangement Drawing
1802,Structural Testing
1803,Studio Graphics Operations
1804,Studio Technical Production
1805,Sub-sea Electricity Transmission Engineering Management
1806,Substation Design Development
1807,Succession Planning
1808,Supervisory Control and Data Acquisition Maintenance Management
1809,Supervisory Control and Data Acquisition System Maintenance
1810,Supplier Management and Capability Development
1811,Supplier Performance
1812,Supplier Sourcing
1813,Supply Chain Management
1814,Supply Chain Operational Costing
1815,Supply Chain Solutioning
1816,Supply Chain Solutioning / Modelling / Planning / Strategising
1817,Support Service to Children and Youths
1818,Support Service to Persons with Disabilities
1819,Support Service to Seniors
1820,Surface Enhancement
1821,Surface Preparation and Protection
1822,Surface Preparation and Protection for Aerospace Manufacturing
1823,Surfacing and Texturing
1824,Survival Craft and Rescue Boats
1825,Sustainability Assurance
1826,Sustainability Management
1827,Sustainability Reporting
1828,Sustainability Risk Management
1829,Sustainability Stewardship Development
1830,Sustainable Engineering
1831,Sustainable Food Production Design
1832,Sustainable Insurance and Re-Insurance Solutions and Applications
1833,Sustainable Investment Management
1834,Sustainable Landscape Design
1835,Sustainable Lending Instruments Structuring
1836,Sustainable Manufacturing
1837,Sustainable Material Research
1838,Switchboard Operations Management
1839,Symptoms and Conditions Management
1840,System and Work Process Improvement
1841,System Architecture Design
1842,System Configuration Management
1843,System Integration
1844,Systems Design
1845,Systems Engineering Thinking
1846,Systems Integration
1847,Systems Thinking
1848,Systems Thinking Application
1849,Talent Capability Assessment
1850,Talent Casting
1851,Talent Management
1852,Tank Storage Inventory Management
1853,Tax Advisory
1854,Tax Compliance
1855,Tax Computation
1856,Tax Controversy Management
1857,Tax Implications
1858,Tax Risk Management
1859,Taxation Laws
1860,Taxonomy Application
1861,Team Effectiveness Management
1862,Team Management
1863,Technical Analysis
1864,Technical Drawing
1865,Technical Inspection
1866,Technical Presentation
1867,Technical Presentations
1868,Technical Report Writing
1869,Technical Sales Support
1870,Technical Service Process Management
1871,Technical Services Management
1872,Technical Sound Design
1873,Technical Sound Editing and Mixing
1874,Technical Writing
1875,Technology Adoption and Innovation
1876,Technology and Systems Application
1877,Technology Application
1878,Technology Application and Implementation
1879,Technology Application in Counselling
1880,Technology Assessment
1881,Technology Incubation
1882,Technology Infrastructure Management and Integration
1883,Technology Integration
1884,Technology Road Mapping
1885,Technology Scanning
1886,Technology Strategy Design
1887,Technology Strategy Formulation
1888,Technology Transfer
1889,Terminal Operations Management
1890,Test Planning
1891,Text Analytics and Processing
1892,Therapeutic Equipment Prescription in Physiotherapy
1893,Therapeutic Equipment Prescription in Speech Therapy
1894,Therapy Discharge Planning
1895,Therapy Intervention Evaluation
1896,Therapy Intervention Implementation
1897,Thermal Stressors Management
1898,Third Party Management
1899,Third Rail Maintenance
1900,Threat Analysis and Defence
1901,Threat and Vulnerability Management
1902,Threat Intelligence and Detection
1903,Threat Observation
1904,Time Sensitive Cargo Delivery Management
1905,Time-Sensitive Cargo Delivery Management
1906,Tools Development
1907,Total Rewards Philosophy Development
1908,"Tour and Travel Coordination, Ticketing and Reservations Management"
1909,Tour and Travel Services Product and Experience Development and Delivery
1910,Tour Guide Operations
1911,Tour Leading Operations
1912,Tourism and Economic Development
1913,Tourism Promotion
1914,Town Gas Production Management
1915,Track Access Management
1916,Track Tamping Vehicle Maintenance
1917,Trackside Automatic Train Control Equipment Maintenance
1918,Traction Power System Maintenance
1919,Trade Association Advocacy and Representation
1920,Trade Finance Management
1921,Trade Mark Application
1922,"Trade Processing, Fund Settlement and Treasury Transaction Processing"
1923,Trading Analysis
1924,Trading Management
1925,Trading Pool Management
1926,Trading Reporting and Assessment
1927,Train Depot Control Management
1928,Train Fare and Ticket Management
1929,Train Station Operations Management
1930,Train Supervisory System Maintenance
1931,Trainborne Automatic Train Control Equipment Maintenance
1932,Trainer and Assessor Development Management
1933,"Training, Coaching and Assessment Management"
1934,Transaction Documentation for Prospectus Development
1935,Transaction Due Diligence
1936,Transactional Accounting
1937,Transdisciplinary Thinking
1938,Transfer Pricing
1939,Transformer Maintenance
1940,Transmission and Distribution Facilities Maintenance Management
1941,Transport Management System Administration
1942,Transport Route and Schedule Planning
1943,Transportation and Handover of Patient
1944,Transportation Equipment Handling
1945,Transportation Hub / Control Centre Administration
1946,Transportation Route and Schedule Planning
1947,Trauma Assessment and Management
1948,Travel Information System Maintenance
1949,Treasury Management
1950,Treatment Implementation in Oral Health Therapy
1951,Tree Assessments
1952,Tree Climbing and Aerial Rescues
1953,Tree Conservation and Protection
1954,Tree Health Management
1955,Tree Pruning
1956,Tree Removal
1957,Tree Transplantation
1958,Trend Forecasting
1959,Trends Evaluation and Application
1960,Trunk and Feeder Expansion Management
1961,Trust Structuring
1962,Tug Operations
1963,"Turbine Aeroplane Aerodynamics, Structures and Systems Principles Application"
1964,Turf Maintenance
1965,Typeface and Layout Production
1966,Underwater Camera Operations
1967,Underwriting Process
1968,Underwriting Profitability and Efficiency Management
1969,Uninterruptible Power Supply System Maintenance
1970,Unit Load Devices Operations
1971,Urban Farming Implementation and Management
1972,User Experience Design
1973,User Interface and User Experience (UI/UX) Optimisation
1974,User Interface Design
1975,User Testing and Usability Testing
1976,Utilities Management
1977,Valuation
1978,Valuation Approaches and Methodologies
1979,Valuation Conclusion and Reporting
1980,Valuation of Different Classes of Interest
1981,Valuation Research and Analysis
1982,Value Analysis
1983,Value Engineering
1984,Vegetation Planting
1985,Vehicle Camera Operations
1986,Vendor Management
1987,Ventilation System Maintenance
1988,Vertical Programme Management
1989,Vertical Surface Maintenance
1990,Vessel Cost Management
1991,Video Editing
1992,Video Surveillance System Maintenance
1993,Virtual Reality Application
1994,Vision Leadership
1995,Vision Mixing
1996,Visioning and Strategic Planning
1997,Visual Collaterals Production
1998,Visual Communication
1999,Visual Design and Communication Principles
2000,Visual Merchandising Presentation
2001,Visual Style Development
2002,Visual Testing
2003,Voluntary Exit Management
2004,Volunteer Management
2005,Volunteer Programme Evaluation
2006,Volunteer Programme Management
2007,Volunteer Recruitment
2008,Volunteer Retention and Engagement
2009,Wagon Maintenance
2010,Warehouse Administration
2011,Warehouse Automation Application
2012,Warehouse Facility Management
2013,Warehouse Facility Security Control
2014,Warehouse Inventory Control and Audit
2015,Warehouse Layout Design
2016,Warehouse Maintenance and Housekeeping
2017,Warehouse Management System Administration
2018,Warehouse Performance Measurement
2019,Warehouse Space Utilisation
2020,Warehousing / Cargo-related Occupational Health and Safety Management
2021,Washroom Maintenance
2022,Waste Collection Management
2023,Waste Disposal Management
2024,Waste Material Loading and Unloading Administration
2025,Waste Recycling and Recovery Management
2026,Waste Sorting Management
2027,Waste Treatment Management
2028,Water Features Management
2029,Water Sensitive Urban Design
2030,Wealth Planning Administration
2031,Website Design
2032,Website Performance Management
2033,Welding
2034,Welding Process
2035,Western Cold Dish Preparation
2036,Western Dry-Heat Dish Preparation and Cooking
2037,Western Moist-Heat Dish Preparation and Cooking
2038,Wholesale Transaction Management
2039,Wildlife Hazard Management
2040,Wine Service
2041,Work at Heights
2042,Workflow Digitalisation
2043,Workflow Management
2044,Workforce Diversity and Harmony
2045,Workforce Diversity and Inclusion
2046,Workforce Planning
2047,Work-Life Harmony
2048,Workplace and Facilities Safety Management
2049,Workplace Communications
2050,Workplace First-Aid
2051,Workplace Health Management
2052,Workplace Optimisation
2053,Workplace Safety and Health
2054,Workplace Safety and Health Audit Programme Management
2055,Workplace Safety and Health Audit System Management
2056,Workplace Safety and Health Business Case Development
2057,Workplace Safety and Health Control Measures
2058,Workplace Safety and Health Culture Development
2059,Workplace Safety and Health Culture Management
2060,Workplace Safety and Health for Confined Spaces
2061,Workplace Safety and Health for Crane Operations
2062,Workplace Safety and Health for Electrical Safety
2063,Workplace Safety and Health for Fire Prevention and Fire Fighting
2064,Workplace Safety and Health for Food and Beverage Operations
2065,Workplace Safety and Health for Incident and Accident Investigation
2066,Workplace Safety and Health Framework Development and Implementation
2067,Workplace Safety and Health Hazard Identification and Risk Control Management
2068,Workplace Safety and Health Incident Management
2069,"Workplace Safety and Health Management in Chemical, Process, Pharmaceutical Industries and Laboratories"
2070,Workplace Safety and Health Management in Construction Industry
2071,Workplace Safety and Health Management in Manufacturing Industry
2072,Workplace Safety and Health Management in Marine Industry
2073,Workplace Safety and Health Management in Service Industry
2074,Workplace Safety and Health Performance Management
2075,Workplace Safety and Health Policy Development
2076,Workplace Safety and Health Practice
2077,Workplace Safety and Health Practices Implementation
2078,Workplace Safety and Health Supervision in Tunnelling Construction
2079,Workplace Safety and Health System Management
2080,Workplace Traffic Safety Management
2081,Workplace Violence
2082,Workshop Practices Application
2083,Wound Management in Nursing
2084,Writing of Advertising Copy for Broadcast and Interactive Media
2085,Writing Of Advertising Copy For Print Media
2086,Yield Analysis
2087,Youth Development
2088,Youth Outreach
